as_of_date,as_of_label,cumulative_confirmed_cases,imported_cases,local_cases,new_cases_last_24h,current_admissions,recoveries,cumulative_deaths,total_persons_tested,all_time_contacts_listed,active_contacts_under_followup,completed_21day_followup,total_alerts,alerts_verified,poe_screened_last_24h,poe_inbound_last_24h,poe_outbound_last_24h,source_url,notes,fetched_at_utc
2026-06-11,"Thursday, 11 June 2026",19,14,5,0,12,5,2,1204,820,409,394,604,594,0,0,0,https://evd-daily.health.go.ug/,Historical Uganda EVD snapshot retained for no-increase calculation.,2026-06-11T00:00:00Z
2026-06-12,"Friday, 12 June 2026",19,14,5,0,12,5,2,1204,820,409,394,604,594,0,0,0,https://evd-daily.health.go.ug/,Updated from Uganda Ministry of Health Ebola Updates dashboard. Latest screenshot reviewed by user showed no new cases in the last 24 hours.,2026-06-12T10:14:37Z
2026-06-15,"Monday, 15 June 2026",202619,14,5,0,10,7,2,1395,826,233,582,604,594,,,,https://evd-daily.health.go.ug/,Updated from Uganda Ministry of Health Ebola Updates dashboard.,2026-06-16T04:19:05+00:00
2026-06-16,"Tuesday, 16 June 2026",202619,14,5,,10,7,2,1395,826,192,624,604,594,,,,https://evd-daily.health.go.ug/,Updated from Uganda Ministry of Health Ebola Updates dashboard.,2026-06-17T04:15:25+00:00
2026-06-17,"Wednesday, 17 June 2026",19,14,5,,10,7,2,1395,826,122,694,604,594,,,,https://evd-daily.health.go.ug/,Updated from Uganda Ministry of Health Ebola Updates dashboard.,2026-06-18T04:06:25+00:00
2026-06-18,"Thursday, 18 June 2026",19,14,5,,7,10,2,1684,826,122,694,604,594,,,,https://evd-daily.health.go.ug/,Updated from Uganda Ministry of Health Ebola Updates dashboard.,2026-06-19T04:25:22+00:00
2026-06-19,"Friday, 19 June 2026",19,14,5,,7,10,2,1722,826,100,716,604,594,,,,https://evd-daily.health.go.ug/,Updated from Uganda Ministry of Health Ebola Updates dashboard.,2026-06-20T03:49:22+00:00
2026-06-20,"Saturday, 20 June 2026",19,14,5,,6,11,2,1722,826,70,746,604,594,,,,https://evd-daily.health.go.ug/,Updated from Uganda Ministry of Health Ebola Updates dashboard.,2026-06-21T04:20:49+00:00
2026-06-21,"Sunday, 21 June 2026",20,15,5,,4,14,2,1787,826,56,760,604,594,,,,https://evd-daily.health.go.ug/,Updated from Uganda Ministry of Health Ebola Updates dashboard.,2026-06-22T04:22:49+00:00
2026-06-22,"Monday, 22 June 2026",20,15,5,,4,14,2,1787,826,9,817,604,594,,,,https://evd-daily.health.go.ug/,Updated from Uganda Ministry of Health Ebola Updates dashboard.,2026-06-23T03:40:21+00:00
2026-06-23,"Tuesday, 23 June 2026",20,15,5,,4,14,2,1787,831,9,814,604,594,,,,https://evd-daily.health.go.ug/,Updated from Uganda Ministry of Health Ebola Updates dashboard.,2026-06-24T03:41:25+00:00
2026-06-24,"Wednesday, 24 June 2026",20,15,5,,3,15,2,1869,831,9,814,604,594,,,,https://evd-daily.health.go.ug/,Updated from Uganda Ministry of Health Ebola Updates dashboard.,2026-06-25T14:36:00+00:00
2026-06-25,"Thursday, 25 June 2026",20,15,5,,3,15,2,1869,831,9,814,604,594,,,,https://evd-daily.health.go.ug/,Updated from Uganda Ministry of Health Ebola Updates dashboard.,2026-06-26T03:51:54+00:00
2026-06-26,"Friday, 26 June 2026",20,15,5,,3,15,2,1869,831,5,816,604,594,,,,https://evd-daily.health.go.ug/,Updated from Uganda Ministry of Health Ebola Updates dashboard.,2026-06-27T03:34:38+00:00
2026-06-27,"Saturday, 27 June 2026",20,15,5,,3,15,2,1869,831,5,816,604,594,,,,https://evd-daily.health.go.ug/,Updated from Uganda Ministry of Health Ebola Updates dashboard.,2026-06-28T08:54:09+00:00
2026-06-28,"Sunday, 28 June 2026",20,15,5,,3,15,2,1869,831,5,816,604,594,,,,https://evd-daily.health.go.ug/,Updated from Uganda Ministry of Health Ebola Updates dashboard.,2026-06-29T15:49:59+00:00
2026-06-29,"Monday, 29 June 2026",20,15,5,,3,15,2,1869,831,0,821,604,594,,,,https://evd-daily.health.go.ug/,Updated from Uganda Ministry of Health Ebola Updates dashboard.,2026-06-30T03:45:33+00:00
2026-06-30,"Tuesday, 30 June 2026",20,15,5,,3,15,2,2152,831,0,821,604,594,,,,https://evd-daily.health.go.ug/,Updated from Uganda Ministry of Health Ebola Updates dashboard.,2026-07-01T09:50:05+00:00
2026-07-01,"Wednesday, 01 July 2026",20,15,5,,3,15,2,2152,831,0,821,604,594,,,,https://evd-daily.health.go.ug/,Updated from Uganda Ministry of Health Ebola Updates dashboard.,2026-07-02T08:58:34+00:00
2026-07-02,"Thursday, 02 July 2026",20,15,5,,2,16,2,2152,831,0,821,604,594,,,,https://evd-daily.health.go.ug/,Updated from Uganda Ministry of Health Ebola Updates dashboard.,2026-07-03T14:07:49+00:00
2026-07-03,"Friday, 03 July 2026",20,15,5,,2,16,2,2152,831,0,821,604,594,,,,https://evd-daily.health.go.ug/,Updated from Uganda Ministry of Health Ebola Updates dashboard.,2026-07-04T08:38:54+00:00
2026-07-04,"Saturday, 04 July 2026",20,15,5,,2,16,2,2152,831,0,821,604,594,,,,https://evd-daily.health.go.ug/,Updated from Uganda Ministry of Health Ebola Updates dashboard.,2026-07-05T03:31:54+00:00
2026-07-05,"Sunday, 05 July 2026",20,15,5,,2,16,2,2242,831,0,821,604,594,,,,https://evd-daily.health.go.ug/,Updated from Uganda Ministry of Health Ebola Updates dashboard.,2026-07-07T09:43:25+00:00
2026-07-07,"Tuesday, 07 July 2026",20,15,5,,2,16,2,2242,831,0,821,604,594,,,,https://evd-daily.health.go.ug/,Updated from Uganda Ministry of Health Ebola Updates dashboard.,2026-07-08T02:47:07+00:00
2026-07-08,"Wednesday, 08 July 2026",20,15,5,,1,17,2,2242,831,0,821,604,594,,,,https://evd-daily.health.go.ug/,Updated from Uganda Ministry of Health Ebola Updates dashboard.,2026-07-09T09:41:37+00:00
2026-07-09,"Thursday, 09 July 2026",20,15,5,,1,17,2,2482,831,0,821,604,594,,,,https://evd-daily.health.go.ug/,Updated from Uganda Ministry of Health Ebola Updates dashboard.,2026-07-10T14:29:04+00:00
2026-07-10,"Friday, 10 July 2026",20,15,5,,1,17,2,2482,831,0,821,604,594,,,,https://evd-daily.health.go.ug/,Updated from Uganda Ministry of Health Ebola Updates dashboard.,2026-07-12T02:51:46+00:00
2026-07-12,"Sunday, 12 July 2026",20,15,5,,1,17,2,2482,831,0,821,604,594,,,,https://evd-daily.health.go.ug/,Updated from Uganda Ministry of Health Ebola Updates dashboard.,2026-07-13T09:29:20+00:00
2026-07-13,"Monday, 13 July 2026",20,15,5,,1,17,2,2482,831,0,821,604,594,,,,https://evd-daily.health.go.ug/,Updated from Uganda Ministry of Health Ebola Updates dashboard.,2026-07-14T13:46:45+00:00
2026-07-14,"Tuesday, 14 July 2026",20,15,5,,1,17,2,2482,831,0,821,604,594,,,,https://evd-daily.health.go.ug/,Updated from Uganda Ministry of Health Ebola Updates dashboard.,2026-07-15T08:12:20+00:00
2026-07-15,"Wednesday, 15 July 2026",20,15,5,,1,17,2,2482,831,0,821,604,594,,,,https://evd-daily.health.go.ug/,Updated from Uganda Ministry of Health Ebola Updates dashboard.,2026-07-16T08:15:40+00:00
2026-07-16,"Thursday, 16 July 2026",20,15,5,,0,18,2,2482,831,0,821,604,594,,,,https://evd-daily.health.go.ug/,Updated from Uganda Ministry of Health Ebola Updates dashboard.,2026-07-17T02:43:29+00:00
2026-07-17,"Friday, 17 July 2026",20,15,5,,0,18,2,2482,831,0,821,604,594,,,,https://evd-daily.health.go.ug/,Updated from Uganda Ministry of Health Ebola Updates dashboard.,2026-07-20T03:17:44+00:00
2026-07-20,"Monday, 20 July 2026",20,15,5,,0,18,2,2482,831,0,821,604,594,,,,https://evd-daily.health.go.ug/,Updated from Uganda Ministry of Health Ebola Updates dashboard.,2026-07-21T13:52:46+00:00
2026-07-21,"Tuesday, 21 July 2026",20,15,5,,0,18,2,2482,831,0,821,604,594,,,,https://evd-daily.health.go.ug/,Updated from Uganda Ministry of Health Ebola Updates dashboard.,2026-07-28T02:36:01+00:00
2026-07-28,"Tuesday, 28 July 2026",20,15,5,,0,18,2,2482,831,0,821,604,594,,,,https://evd-daily.health.go.ug/,Updated from Uganda Ministry of Health Ebola Updates dashboard.,2026-07-31T14:09:05+00:00
